Date,Confirmed,retail_and_recreation_percent_change_from_baseline,grocery_and_pharmacy_percent_change_from_baseline,parks_percent_change_from_baseline,transit_stations_percent_change_from_baseline
2020-02-15,3,3,-1,35,9
2020-02-15,3,2,2,36,9
2020-02-15,3,8,5,27,12
2020-02-15,3,-1,1,4,2
2020-02-15,3,-1,-1,12,0
2020-02-15,3,-2,-2,12,3
2020-02-15,3,2,-1,23,10
2020-02-15,3,5,4,25,7
2020-02-15,3,3,1,45,10
2020-02-15,3,4,-1,43,9
2020-02-15,3,3,2,41,8
2020-02-15,3,2,-1,50,8
2020-02-15,3,4,-1,32,9
2020-02-15,3,2,1,25,4
2020-02-15,3,1,0,23,4
2020-02-15,3,-2,-1,23,4
2020-02-15,3,0,-2,20,1
2020-02-15,3,4,2,22,12
2020-02-15,3,5,0,75,13
2020-02-15,3,3,-1,55,14
2020-02-15,3,6,1,54,18
2020-02-16,3,3,2,26,11
2020-02-16,3,2,8,47,26
2020-02-16,3,9,6,14,14
2020-02-16,3,3,0,73,12
2020-02-16,3,6,1,38,13
2020-02-16,3,3,2,32,8
2020-02-16,3,1,-1,30,17
2020-02-16,3,1,6,39,5
2020-02-16,3,5,5,36,12
2020-02-16,3,6,1,37,8
2020-02-16,3,0,3,-10,2
2020-02-16,3,-1,2,13,2
2020-02-16,3,5,7,49,20
2020-02-16,3,9,3,63,25
2020-02-16,3,1,0,5,7
2020-02-16,3,4,0,32,8
2020-02-16,3,1,1,27,7
2020-02-16,3,10,11,16,15
2020-02-16,3,4,2,30,11
2020-02-16,3,4,6,39,22
2020-02-16,3,5,4,48,27
2020-02-17,3,0,1,7,3
2020-02-17,3,-1,2,11,7
2020-02-17,3,11,8,14,5
2020-02-17,3,-1,0,13,4
2020-02-17,3,-2,0,10,1
2020-02-17,3,-1,-1,18,5
2020-02-17,3,-1,-1,3,5
2020-02-17,3,1,2,14,5
2020-02-17,3,0,1,3,1
2020-02-17,3,1,1,13,3
2020-02-17,3,-5,-4,-20,-2
2020-02-17,3,-3,-2,-14,1
2020-02-17,3,1,1,12,5
2020-02-17,3,-1,-1,12,6
2020-02-17,3,-1,1,3,0
2020-02-17,3,0,0,14,3
2020-02-17,3,-2,-1,6,2
2020-02-17,3,5,6,5,4
2020-02-17,3,1,3,9,3
2020-02-17,3,0,2,19,5
2020-02-17,3,-1,2,11,6
2020-02-18,3,3,1,16,4
2020-02-18,3,1,2,22,5
2020-02-18,3,12,7,25,9
2020-02-18,3,0,-1,15,5
2020-02-18,3,0,-1,21,-1
2020-02-18,3,-1,-2,13,5
2020-02-18,3,0,-1,7,5
2020-02-18,3,1,1,6,2
2020-02-18,3,5,2,22,4
2020-02-18,3,2,0,11,2
2020-02-18,3,1,1,19,3
2020-02-18,3,2,1,32,4
2020-02-18,3,2,0,14,3
2020-02-18,3,4,0,17,7
2020-02-18,3,2,0,22,3
2020-02-18,3,0,0,7,1
2020-02-18,3,-2,-3,14,5
2020-02-18,3,9,4,26,10
2020-02-18,3,2,1,21,2
2020-02-18,3,1,1,26,6
2020-02-18,3,4,1,28,7
2020-02-19,3,0,-1,11,3
2020-02-19,3,-4,-1,-12,1
2020-02-19,3,5,7,10,3
2020-02-19,3,-3,-2,4,3
2020-02-19,3,-3,-1,5,0
2020-02-19,3,-6,-1,-2,0
2020-02-19,3,-2,-2,-4,2
2020-02-19,3,1,0,12,2
2020-02-19,3,1,1,12,1
2020-02-19,3,-2,-3,-2,0
2020-02-19,3,-1,0,10,1
2020-02-19,3,2,1,19,4
2020-02-19,3,0,-1,0,1
2020-02-19,3,-1,0,-9,-1
2020-02-19,3,1,0,15,0
2020-02-19,3,-1,-1,0,1
2020-02-19,3,-1,-1,5,3
2020-02-19,3,7,6,11,7
2020-02-19,3,0,0,9,0
2020-02-19,3,0,0,2,3
2020-02-19,3,3,0,23,7
2020-02-20,3,2,1,18,5
2020-02-20,3,1,4,-3,5
2020-02-20,3,11,4,31,8
2020-02-20,3,-3,-1,-7,2
2020-02-20,3,-4,-1,-5,-4
2020-02-20,3,-4,1,4,3
2020-02-20,3,0,-1,4,6
2020-02-20,3,2,0,19,5
2020-02-20,3,3,1,19,3
2020-02-20,3,2,1,21,5
2020-02-20,3,1,2,20,4
2020-02-20,3,2,0,19,4
2020-02-20,3,3,1,33,6
2020-02-20,3,-1,-1,-13,0
2020-02-20,3,2,1,23,4
2020-02-20,3,1,-1,20,5
2020-02-20,3,0,0,9,4
2020-02-20,3,8,5,26,11
2020-02-20,3,2,0,28,3
2020-02-20,3,2,0,14,4
2020-02-20,3,5,2,33,10
2020-02-21,20,1,1,19,5
2020-02-21,20,1,3,6,7
2020-02-21,20,11,9,29,16
2020-02-21,20,-1,1,5,5
2020-02-21,20,-2,2,14,0
2020-02-21,20,-2,-1,7,0
2020-02-21,20,0,1,6,8
2020-02-21,20,1,2,11,4
2020-02-21,20,2,2,21,7
2020-02-21,20,1,0,21,6
2020-02-21,20,7,7,50,6
2020-02-21,20,1,1,20,3
2020-02-21,20,1,0,14,7
2020-02-21,20,3,1,8,7
2020-02-21,20,1,1,25,5
2020-02-21,20,-1,0,5,3
2020-02-21,20,0,0,19,1
2020-02-21,20,4,5,13,6
2020-02-21,20,2,1,28,6
2020-02-21,20,2,2,18,8
2020-02-21,20,4,2,36,13
2020-02-22,62,-1,3,30,8
2020-02-22,62,1,6,34,8
2020-02-22,62,9,10,33,24
2020-02-22,62,-6,2,-3,4
2020-02-22,62,-2,1,8,-4
2020-02-22,62,-5,1,-1,0
2020-02-22,62,-1,5,17,10
2020-02-22,62,2,10,22,8
2020-02-22,62,-1,4,49,16
2020-02-22,62,4,2,40,11
2020-02-22,62,1,6,42,8
2020-02-22,62,-6,6,37,1
2020-02-22,62,1,4,26,10
2020-02-22,62,0,0,18,10
2020-02-22,62,-3,2,28,5
2020-02-22,62,-2,1,23,6
2020-02-22,62,-3,1,15,4
2020-02-22,62,7,8,33,17
2020-02-22,62,4,3,71,15
2020-02-22,62,2,4,56,16
2020-02-22,62,-3,8,48,17
2020-02-23,155,-5,16,23,6
2020-02-23,155,2,17,54,20
2020-02-23,155,18,30,43,36
2020-02-23,155,1,7,76,26
2020-02-23,155,10,10,62,32
2020-02-23,155,0,9,27,2
2020-02-23,155,-1,7,29,17
2020-02-23,155,-7,25,29,-3
2020-02-23,155,-5,15,21,11
2020-02-23,155,1,8,28,9
2020-02-23,155,-2,15,-8,-3
2020-02-23,155,-19,30,12,-13
2020-02-23,155,-1,18,56,18
2020-02-23,155,13,12,61,30
2020-02-23,155,-8,15,17,3
2020-02-23,155,5,6,43,19
2020-02-23,155,1,8,35,9
2020-02-23,155,13,26,31,24
2020-02-23,155,1,11,20,9
2020-02-23,155,-1,14,32,26
2020-02-23,155,-16,17,17,8
2020-02-24,229,-4,23,22,-15
2020-02-24,229,5,19,25,2
2020-02-24,229,34,39,62,19
2020-02-24,229,2,14,28,-1
2020-02-24,229,0,15,32,-8
2020-02-24,229,-2,20,13,-5
2020-02-24,229,-1,18,2,-5
2020-02-24,229,-7,33,25,-18
2020-02-24,229,-5,26,22,-20
2020-02-24,229,2,18,17,-3
2020-02-24,229,-2,24,15,-13
2020-02-24,229,-18,27,28,-32
2020-02-24,229,4,25,22,3
2020-02-24,229,6,12,9,0
2020-02-24,229,-6,23,31,-21
2020-02-24,229,1,5,33,-3
2020-02-24,229,-1,14,12,-7
2020-02-24,229,10,26,38,-3
2020-02-24,229,3,25,20,0
2020-02-24,229,3,20,35,4
2020-02-24,229,-12,28,14,-21
2020-02-25,322,-6,5,20,-18
2020-02-25,322,4,7,50,-3
2020-02-25,322,23,23,80,27
2020-02-25,322,2,4,28,-2
2020-02-25,322,-1,0,33,-7
2020-02-25,322,-4,7,27,-7
2020-02-25,322,-2,-2,17,-7
2020-02-25,322,-11,1,24,-23
2020-02-25,322,-9,3,3,-23
2020-02-25,322,1,7,12,-7
2020-02-25,322,-8,4,9,-18
2020-02-25,322,-22,3,8,-37
2020-02-25,322,3,8,57,1
2020-02-25,322,7,2,14,-4
2020-02-25,322,-10,3,3,-26
2020-02-25,322,4,-1,74,1
2020-02-25,322,-1,8,35,-9
2020-02-25,322,1,15,19,-12
2020-02-25,322,0,12,32,-6
2020-02-25,322,0,9,20,1
2020-02-25,322,-11,3,9,-26
2020-02-26,453,-13,-5,-6,-23
2020-02-26,453,-5,1,-10,-11
2020-02-26,453,0,9,7,-2
2020-02-26,453,-7,0,0,-10
2020-02-26,453,-9,-2,-5,-10
2020-02-26,453,-13,-4,-8,-14
2020-02-26,453,-10,-6,-14,-11
2020-02-26,453,-18,-9,-16,-31
2020-02-26,453,-14,-7,-18,-26
2020-02-26,453,-8,-3,-7,-10
2020-02-26,453,-10,-4,2,-18
2020-02-26,453,-23,-7,-5,-40
2020-02-26,453,-10,2,-10,-18
2020-02-26,453,-5,-3,-8,-4
2020-02-26,453,-14,-7,-12,-29
2020-02-26,453,-7,-2,-6,-5
2020-02-26,453,-11,-3,-1,-17
2020-02-26,453,-2,2,-2,-16
2020-02-26,453,-11,-5,-19,-15
2020-02-26,453,-8,-1,-11,-6
2020-02-26,453,-15,-7,-6,-29
2020-02-27,655,-10,-3,-1,-22
2020-02-27,655,-3,3,-1,-8
2020-02-27,655,2,3,2,-1
2020-02-27,655,-8,2,-16,-13
2020-02-27,655,-6,2,-3,-10
2020-02-27,655,-9,-1,-12,-15
2020-02-27,655,-6,-1,-4,-15
2020-02-27,655,-12,-6,3,-29
2020-02-27,655,-9,-4,5,-22
2020-02-27,655,-4,0,0,-9
2020-02-27,655,-9,-4,5,-18
2020-02-27,655,-19,-7,7,-39
2020-02-27,655,-6,0,11,-16
2020-02-27,655,-2,-1,-8,-2
2020-02-27,655,-9,-4,-2,-26
2020-02-27,655,-3,0,-6,-4
2020-02-27,655,-8,-1,-5,-16
2020-02-27,655,0,3,4,-12
2020-02-27,655,-10,-7,-17,-13
2020-02-27,655,-5,0,2,-5
2020-02-27,655,-11,-5,2,-29
2020-02-28,888,-8,-2,11,-20
2020-02-28,888,-3,2,-3,-11
2020-02-28,888,21,18,36,9
2020-02-28,888,-9,-1,-18,-16
2020-02-28,888,-8,-2,-15,-10
2020-02-28,888,-10,-3,-13,-21
2020-02-28,888,-6,-1,-9,-16
2020-02-28,888,-11,-5,12,-28
2020-02-28,888,-7,-5,14,-21
2020-02-28,888,-3,0,5,-7
2020-02-28,888,1,2,66,-11
2020-02-28,888,-16,-6,32,-37
2020-02-28,888,-7,-3,5,-18
2020-02-28,888,0,1,-9,-4
2020-02-28,888,-8,-3,24,-22
2020-02-28,888,-3,1,4,-4
2020-02-28,888,-8,-2,-4,-19
2020-02-28,888,-1,0,10,-12
2020-02-28,888,-2,-1,21,-8
2020-02-28,888,-2,1,12,-1
2020-02-28,888,-10,-4,10,-28
2020-02-29,1128,-10,-2,2,-16
2020-02-29,1128,-2,2,21,-7
2020-02-29,1128,-1,7,7,3
2020-02-29,1128,-4,2,4,-10
2020-02-29,1128,-2,1,2,8
2020-02-29,1128,-4,-1,10,-14
2020-02-29,1128,-3,2,12,-5
2020-02-29,1128,-13,1,4,-23
2020-02-29,1128,-10,-1,16,-16
2020-02-29,1128,-2,0,13,-6
2020-02-29,1128,-16,-4,-20,-21
2020-02-29,1128,-24,-5,-12,-34
2020-02-29,1128,-8,1,13,-10
2020-02-29,1128,4,4,12,1
2020-02-29,1128,-12,-1,-8,-18
2020-02-29,1128,-2,1,17,4
2020-02-29,1128,-7,-2,3,-13
2020-02-29,1128,-7,0,-3,-9
2020-02-29,1128,-5,-2,18,-7
2020-02-29,1128,-3,2,25,0
2020-02-29,1128,-13,-1,-2,-26
2020-03-01,1694,-19,-5,-30,-26
2020-03-01,1694,-7,4,-2,-11
2020-03-01,1694,-1,11,6,-2
2020-03-01,1694,-5,1,23,-11
2020-03-01,1694,1,2,19,-1
2020-03-01,1694,1,1,44,-13
2020-03-01,1694,-11,-1,-16,-14
2020-03-01,1694,-26,-5,-39,-38
2020-03-01,1694,-34,-13,-71,-40
2020-03-01,1694,-17,-6,-40,-22
2020-03-01,1694,-22,-8,-42,-31
2020-03-01,1694,-33,-9,-38,-40
2020-03-01,1694,-16,1,-21,-17
2020-03-01,1694,4,4,6,-2
2020-03-01,1694,-11,-2,3,-14
2020-03-01,1694,-3,1,-18,0
2020-03-01,1694,-4,-1,27,-11
2020-03-01,1694,-21,-6,-45,-27
2020-03-01,1694,-22,-11,-58,-30
2020-03-01,1694,-17,-1,-32,-11
2020-03-01,1694,-30,-8,-65,-42
2020-03-02,2036,-13,-7,-26,-25
2020-03-02,2036,-3,3,-6,-7
2020-03-02,2036,-8,2,-21,-10
2020-03-02,2036,-3,3,4,-9
2020-03-02,2036,-2,3,1,-8
2020-03-02,2036,-1,3,20,-12
2020-03-02,2036,-8,0,-16,-10
2020-03-02,2036,-14,-6,-25,-31
2020-03-02,2036,-12,-5,-21,-29
2020-03-02,2036,-12,-7,-29,-13
2020-03-02,2036,-26,-23,-47,-30
2020-03-02,2036,-26,-18,-53,-44
2020-03-02,2036,-7,-1,-8,-13
2020-03-02,2036,-2,-1,-17,1
2020-03-02,2036,-15,-10,-38,-29
2020-03-02,2036,-8,0,-24,-8
2020-03-02,2036,-4,0,0,-13
2020-03-02,2036,-15,-9,-36,-14
2020-03-02,2036,-11,-6,-34,-14
2020-03-02,2036,-10,-3,-22,-9
2020-03-02,2036,-19,-9,-40,-36
2020-03-03,2502,-7,-1,-9,-21
2020-03-03,2502,-2,1,-3,-10
2020-03-03,2502,0,4,5,-1
2020-03-03,2502,-4,0,-4,-10
2020-03-03,2502,-4,0,-5,-8
2020-03-03,2502,-5,-3,-12,-16
2020-03-03,2502,-7,-1,-16,-11
2020-03-03,2502,-12,-6,-20,-31
2020-03-03,2502,-7,-2,-11,-24
2020-03-03,2502,-7,-1,-24,-14
2020-03-03,2502,-1,4,22,-12
2020-03-03,2502,-13,-1,16,-35
2020-03-03,2502,-7,-1,-1,-13
2020-03-03,2502,2,-1,-4,-1
2020-03-03,2502,-2,1,21,-20
2020-03-03,2502,-4,2,-9,-9
2020-03-03,2502,-7,-3,-7,-12
2020-03-03,2502,-9,-1,-19,-9
2020-03-03,2502,-7,-3,-18,-14
2020-03-03,2502,-6,0,-17,-8
2020-03-03,2502,-11,-2,-21,-33
2020-03-04,3089,-7,1,8,-19
2020-03-04,3089,-2,5,-4,-11
2020-03-04,3089,3,4,7,-2
2020-03-04,3089,-3,5,7,-11
2020-03-04,3089,-2,4,1,-3
2020-03-04,3089,-5,2,1,-17
2020-03-04,3089,-5,2,-9,-9
2020-03-04,3089,-13,-4,-6,-30
2020-03-04,3089,-7,0,-3,-23
2020-03-04,3089,-5,4,-8,-11
2020-03-04,3089,-3,2,20,-11
2020-03-04,3089,-14,-1,46,-34
2020-03-04,3089,-12,0,-16,-22
2020-03-04,3089,1,2,-15,-4
2020-03-04,3089,-4,1,25,-21
2020-03-04,3089,-1,4,8,-3
2020-03-04,3089,-8,-1,-17,-13
2020-03-04,3089,-3,1,0,-2
2020-03-04,3089,-4,1,0,-11
2020-03-04,3089,-6,4,-5,-4
2020-03-04,3089,-8,-2,3,-27
2020-03-05,3858,-12,0,-12,-28
2020-03-05,3858,-4,7,13,-16
2020-03-05,3858,-21,-3,-31,-18
2020-03-05,3858,-5,6,4,-21
2020-03-05,3858,-3,6,14,-16
2020-03-05,3858,-7,7,3,-19
2020-03-05,3858,-6,4,-1,-17
2020-03-05,3858,-16,-5,-13,-32
2020-03-05,3858,-9,1,2,-24
2020-03-05,3858,-10,6,-7,-22
2020-03-05,3858,-20,-10,-36,-26
2020-03-05,3858,-22,-6,-31,-42
2020-03-05,3858,-11,0,7,-20
2020-03-05,3858,-3,5,-4,-16
2020-03-05,3858,-14,-3,-23,-27
2020-03-05,3858,-4,5,7,-15
2020-03-05,3858,-7,4,2,-19
2020-03-05,3858,-12,1,-24,-21
2020-03-05,3858,-14,-1,-27,-26
2020-03-05,3858,-9,4,-5,-14
2020-03-05,3858,-12,-1,-15,-32
2020-03-06,4636,-15,0,-8,-29
2020-03-06,4636,-9,3,-3,-22
2020-03-06,4636,-4,9,5,-9
2020-03-06,4636,-13,2,-14,-29
2020-03-06,4636,-13,4,-11,-24
2020-03-06,4636,-16,-1,-13,-28
2020-03-06,4636,-14,-1,-25,-27
2020-03-06,4636,-17,-1,-9,-34
2020-03-06,4636,-15,-1,-21,-28
2020-03-06,4636,-16,2,-15,-26
2020-03-06,4636,-4,5,41,-15
2020-03-06,4636,-20,-2,1,-40
2020-03-06,4636,-16,-2,-8,-25
2020-03-06,4636,-10,0,-20,-21
2020-03-06,4636,-13,0,4,-25
2020-03-06,4636,-11,2,-10,-20
2020-03-06,4636,-12,1,-3,-24
2020-03-06,4636,-11,-2,-10,-21
2020-03-06,4636,-13,1,-9,-26
2020-03-06,4636,-15,2,-14,-19
2020-03-06,4636,-14,0,-9,-33
2020-03-07,5883,-19,1,2,-24
2020-03-07,5883,-18,6,-17,-31
2020-03-07,5883,-6,7,2,-7
2020-03-07,5883,-22,4,-28,-34
2020-03-07,5883,-22,2,-35,-37
2020-03-07,5883,-22,0,-37,-34
2020-03-07,5883,-22,4,-29,-28
2020-03-07,5883,-22,5,-8,-31
2020-03-07,5883,-13,3,25,-16
2020-03-07,5883,-18,4,-3,-23
2020-03-07,5883,-13,3,32,-10
2020-03-07,5883,-25,-1,54,-31
2020-03-07,5883,-22,3,-22,-27
2020-03-07,5883,-22,0,-28,-25
2020-03-07,5883,-15,2,26,-17
2020-03-07,5883,-18,3,-13,-23
2020-03-07,5883,-21,0,-29,-27
2020-03-07,5883,-9,2,9,-9
2020-03-07,5883,-18,2,14,-23
2020-03-07,5883,-19,6,-2,-17
2020-03-07,5883,-16,2,8,-27
2020-03-08,7375,-32,3,1,-27
2020-03-08,7375,-27,10,-13,-32
2020-03-08,7375,-26,13,-24,-23
2020-03-08,7375,-32,3,-15,-36
2020-03-08,7375,-28,0,-23,-26
2020-03-08,7375,-31,0,-33,-40
2020-03-08,7375,-29,0,-20,-29
2020-03-08,7375,-37,7,26,-33
2020-03-08,7375,-16,9,41,-7
2020-03-08,7375,-23,4,11,-30
2020-03-08,7375,-21,4,3,-18
2020-03-08,7375,-48,-1,16,-42
2020-03-08,7375,-31,4,1,-22
2020-03-08,7375,-24,4,-13,-18
2020-03-08,7375,-34,5,-2,-25
2020-03-08,7375,-19,6,15,-16
2020-03-08,7375,-31,-2,-29,-34
2020-03-08,7375,-14,4,6,-8
2020-03-08,7375,-23,-3,13,-21
2020-03-08,7375,-27,8,7,-6
2020-03-08,7375,-31,8,12,-26
2020-03-09,9172,-30,-1,-24,-42
2020-03-09,9172,-23,5,-6,-38
2020-03-09,9172,-29,4,-23,-32
2020-03-09,9172,-24,4,-12,-39
2020-03-09,9172,-23,1,-13,-29
2020-03-09,9172,-26,0,-16,-40
2020-03-09,9172,-26,2,-23,-37
2020-03-09,9172,-34,-4,-21,-45
2020-03-09,9172,-21,1,1,-31
2020-03-09,9172,-28,2,-24,-39
2020-03-09,9172,-31,-8,-42,-38
2020-03-09,9172,-42,-9,-35,-57
2020-03-09,9172,-27,-3,-14,-35
2020-03-09,9172,-22,-7,-19,-27
2020-03-09,9172,-31,-2,-19,-42
2020-03-09,9172,-27,4,-30,-35
2020-03-09,9172,-25,1,-23,-37
2020-03-09,9172,-28,-2,-38,-34
2020-03-09,9172,-28,-1,-34,-38
2020-03-09,9172,-24,0,-7,-25
2020-03-09,9172,-30,0,-22,-45
2020-03-10,10149,-43,-2,-32,-51
2020-03-10,10149,-41,1,-35,-51
2020-03-10,10149,-51,-3,-40,-51
2020-03-10,10149,-41,1,-38,-50
2020-03-10,10149,-39,-1,-27,-41
2020-03-10,10149,-42,-2,-28,-47
2020-03-10,10149,-44,-1,-43,-50
2020-03-10,10149,-44,-5,-23,-50
2020-03-10,10149,-37,9,-21,-41
2020-03-10,10149,-44,-2,-37,-52
2020-03-10,10149,-39,-2,-24,-42
2020-03-10,10149,-50,-8,-25,-61
2020-03-10,10149,-41,-1,-30,-45
2020-03-10,10149,-37,-11,-40,-37
2020-03-10,10149,-43,-7,-21,-51
2020-03-10,10149,-41,3,-20,-41
2020-03-10,10149,-43,-2,-43,-47
2020-03-10,10149,-45,2,-47,-41
2020-03-10,10149,-42,-4,-26,-45
2020-03-10,10149,-40,2,-22,-36
2020-03-10,10149,-39,1,-30,-50
2020-03-11,12462,-52,-14,-32,-57
2020-03-11,12462,-52,-18,-36,-60
2020-03-11,12462,-58,-24,-39,-51
2020-03-11,12462,-50,-15,-39,-58
2020-03-11,12462,-48,-17,-30,-46
2020-03-11,12462,-56,-22,-43,-58
2020-03-11,12462,-55,-17,-49,-59
2020-03-11,12462,-50,-11,-20,-54
2020-03-11,12462,-48,-6,-24,-48
2020-03-11,12462,-53,-15,-38,-60
2020-03-11,12462,-50,-15,-41,-50
2020-03-11,12462,-57,-13,-23,-65
2020-03-11,12462,-50,-14,-28,-48
2020-03-11,12462,-46,-19,-36,-45
2020-03-11,12462,-50,-14,-19,-56
2020-03-11,12462,-53,-19,-30,-50
2020-03-11,12462,-51,-17,-43,-55
2020-03-11,12462,-55,-16,-44,-47
2020-03-11,12462,-51,-17,-31,-52
2020-03-11,12462,-50,-16,-27,-40
2020-03-11,12462,-48,-6,-37,-55
2020-03-12,15113,-70,-23,-61,-67
2020-03-12,15113,-70,-29,-61,-67
2020-03-12,15113,-74,-27,-54,-58
2020-03-12,15113,-66,-26,-59,-67
2020-03-12,15113,-65,-27,-45,-61
2020-03-12,15113,-71,-32,-60,-66
2020-03-12,15113,-70,-27,-65,-68
2020-03-12,15113,-68,-17,-51,-63
2020-03-12,15113,-71,-13,-57,-60
2020-03-12,15113,-72,-25,-63,-70
2020-03-12,15113,-70,-26,-69,-64
2020-03-12,15113,-74,-26,-62,-74
2020-03-12,15113,-67,-20,-54,-59
2020-03-12,15113,-66,-33,-61,-58
2020-03-12,15113,-69,-23,-57,-66
2020-03-12,15113,-69,-27,-51,-60
2020-03-12,15113,-68,-27,-61,-66
2020-03-12,15113,-75,-24,-64,-62
2020-03-12,15113,-70,-24,-68,-64
2020-03-12,15113,-68,-23,-55,-56
2020-03-12,15113,-70,-13,-62,-65
2020-03-13,17660,-75,-28,-64,-71
2020-03-13,17660,-74,-32,-65,-72
2020-03-13,17660,-79,-33,-60,-66
2020-03-13,17660,-70,-31,-63,-72
2020-03-13,17660,-70,-32,-53,-65
2020-03-13,17660,-75,-40,-59,-70
2020-03-13,17660,-75,-33,-71,-73
2020-03-13,17660,-73,-18,-61,-68
2020-03-13,17660,-76,-18,-69,-67
2020-03-13,17660,-77,-32,-69,-75
2020-03-13,17660,-73,-30,-67,-68
2020-03-13,17660,-78,-27,-57,-76
2020-03-13,17660,-72,-23,-63,-64
2020-03-13,17660,-70,-37,-61,-61
2020-03-13,17660,-73,-26,-51,-69
2020-03-13,17660,-73,-31,-58,-64
2020-03-13,17660,-74,-35,-63,-73
2020-03-13,17660,-81,-35,-72,-69
2020-03-13,17660,-74,-28,-65,-66
2020-03-13,17660,-74,-28,-58,-59
2020-03-13,17660,-76,-16,-68,-71
2020-03-14,21157,-83,-43,-78,-76
2020-03-14,21157,-82,-42,-76,-79
2020-03-14,21157,-88,-54,-76,-74
2020-03-14,21157,-78,-38,-75,-76
2020-03-14,21157,-76,-37,-66,-71
2020-03-14,21157,-81,-47,-72,-75
2020-03-14,21157,-83,-42,-81,-78
2020-03-14,21157,-84,-37,-78,-76
2020-03-14,21157,-85,-38,-77,-72
2020-03-14,21157,-84,-43,-79,-77
2020-03-14,21157,-82,-43,-77,-72
2020-03-14,21157,-86,-46,-80,-80
2020-03-14,21157,-83,-38,-80,-73
2020-03-14,21157,-78,-44,-72,-65
2020-03-14,21157,-84,-44,-77,-75
2020-03-14,21157,-81,-40,-74,-69
2020-03-14,21157,-80,-41,-74,-74
2020-03-14,21157,-90,-54,-87,-80
2020-03-14,21157,-84,-45,-74,-72
2020-03-14,21157,-83,-41,-69,-68
2020-03-14,21157,-85,-37,-84,-80
2020-03-15,24747,-90,-60,-81,-80
2020-03-15,24747,-90,-60,-82,-86
2020-03-15,24747,-93,-68,-84,-82
2020-03-15,24747,-90,-62,-82,-82
2020-03-15,24747,-87,-61,-71,-76
2020-03-15,24747,-89,-66,-79,-83
2020-03-15,24747,-91,-61,-88,-85
2020-03-15,24747,-90,-56,-72,-80
2020-03-15,24747,-90,-55,-77,-75
2020-03-15,24747,-90,-55,-82,-82
2020-03-15,24747,-88,-56,-81,-78
2020-03-15,24747,-91,-58,-78,-83
2020-03-15,24747,-90,-61,-82,-78
2020-03-15,24747,-87,-61,-75,-74
2020-03-15,24747,-90,-61,-78,-80
2020-03-15,24747,-88,-60,-79,-75
2020-03-15,24747,-90,-63,-84,-82
2020-03-15,24747,-92,-72,-84,-80
2020-03-15,24747,-90,-64,-82,-78
2020-03-15,24747,-91,-64,-78,-73
2020-03-15,24747,-91,-61,-82,-82
2020-03-16,27980,-75,-37,-67,-74
2020-03-16,27980,-73,-38,-67,-75
2020-03-16,27980,-80,-37,-60,-70
2020-03-16,27980,-72,-38,-68,-78
2020-03-16,27980,-70,-35,-57,-71
2020-03-16,27980,-76,-46,-65,-79
2020-03-16,27980,-77,-43,-76,-79
2020-03-16,27980,-73,-31,-60,-70
2020-03-16,27980,-76,-31,-58,-68
2020-03-16,27980,-76,-39,-74,-79
2020-03-16,27980,-73,-39,-67,-69
2020-03-16,27980,-78,-35,-62,-79
2020-03-16,27980,-72,-35,-67,-68
2020-03-16,27980,-69,-41,-66,-63
2020-03-16,27980,-73,-35,-58,-73
2020-03-16,27980,-74,-39,-67,-70
2020-03-16,27980,-75,-42,-73,-77
2020-03-16,27980,-82,-44,-74,-73
2020-03-16,27980,-73,-37,-69,-69
2020-03-16,27980,-74,-38,-60,-65
2020-03-16,27980,-76,-30,-69,-75
2020-03-17,31506,-77,-41,-68,-76
2020-03-17,31506,-75,-43,-66,-76
2020-03-17,31506,-81,-43,-55,-68
2020-03-17,31506,-75,-44,-69,-78
2020-03-17,31506,-73,-45,-55,-71
2020-03-17,31506,-78,-51,-67,-78
2020-03-17,31506,-78,-45,-76,-79
2020-03-17,31506,-76,-36,-62,-72
2020-03-17,31506,-77,-34,-59,-69
2020-03-17,31506,-79,-43,-77,-80
2020-03-17,31506,-75,-40,-67,-71
2020-03-17,31506,-80,-39,-59,-80
2020-03-17,31506,-75,-41,-68,-69
2020-03-17,31506,-71,-47,-62,-65
2020-03-17,31506,-75,-38,-56,-73
2020-03-17,31506,-76,-42,-66,-72
2020-03-17,31506,-78,-49,-73,-78
2020-03-17,31506,-84,-48,-73,-73
2020-03-17,31506,-76,-42,-69,-71
2020-03-17,31506,-76,-44,-60,-65
2020-03-17,31506,-77,-34,-68,-76
2020-03-18,35713,-79,-43,-71,-77
2020-03-18,35713,-77,-44,-72,-78
2020-03-18,35713,-83,-47,-61,-71
2020-03-18,35713,-75,-44,-72,-79
2020-03-18,35713,-75,-45,-56,-72
2020-03-18,35713,-79,-50,-71,-79
2020-03-18,35713,-79,-46,-77,-79
2020-03-18,35713,-77,-38,-67,-73
2020-03-18,35713,-79,-37,-66,-71
2020-03-18,35713,-80,-46,-77,-81
2020-03-18,35713,-78,-44,-71,-73
2020-03-18,35713,-82,-42,-67,-81
2020-03-18,35713,-77,-42,-73,-70
2020-03-18,35713,-73,-45,-70,-66
2020-03-18,35713,-77,-42,-61,-75
2020-03-18,35713,-77,-45,-65,-72
2020-03-18,35713,-78,-49,-75,-79
2020-03-18,35713,-85,-51,-76,-74
2020-03-18,35713,-77,-44,-74,-72
2020-03-18,35713,-78,-45,-66,-66
2020-03-18,35713,-79,-37,-72,-76
2020-03-19,41035,-79,-44,-74,-78
2020-03-19,41035,-77,-46,-72,-79
2020-03-19,41035,-83,-47,-61,-72
2020-03-19,41035,-76,-46,-74,-80
2020-03-19,41035,-75,-48,-60,-75
2020-03-19,41035,-80,-53,-73,-79
2020-03-19,41035,-80,-48,-79,-80
2020-03-19,41035,-78,-39,-73,-75
2020-03-19,41035,-79,-36,-69,-72
2020-03-19,41035,-80,-46,-79,-82
2020-03-19,41035,-78,-45,-73,-75
2020-03-19,41035,-82,-43,-72,-82
2020-03-19,41035,-77,-42,-72,-72
2020-03-19,41035,-75,-50,-74,-68
2020-03-19,41035,-77,-41,-65,-76
2020-03-19,41035,-77,-46,-69,-72
2020-03-19,41035,-78,-49,-75,-80
2020-03-19,41035,-86,-51,-80,-77
2020-03-19,41035,-78,-44,-75,-74
2020-03-19,41035,-79,-46,-67,-68
2020-03-19,41035,-79,-35,-75,-78
2020-03-20,47021,-80,-40,-77,-78
2020-03-20,47021,-79,-42,-77,-81
2020-03-20,47021,-86,-45,-75,-76
2020-03-20,47021,-76,-42,-76,-80
2020-03-20,47021,-76,-45,-64,-76
2020-03-20,47021,-80,-50,-73,-82
2020-03-20,47021,-81,-45,-81,-81
2020-03-20,47021,-79,-33,-77,-76
2020-03-20,47021,-80,-30,-78,-73
2020-03-20,47021,-81,-45,-81,-81
2020-03-20,47021,-78,-39,-73,-75
2020-03-20,47021,-82,-40,-76,-82
2020-03-20,47021,-78,-37,-78,-74
2020-03-20,47021,-76,-46,-75,-72
2020-03-20,47021,-79,-37,-71,-76
2020-03-20,47021,-78,-42,-73,-72
2020-03-20,47021,-80,-46,-78,-81
2020-03-20,47021,-86,-49,-84,-78
2020-03-20,47021,-79,-42,-76,-74
2020-03-20,47021,-79,-42,-70,-69
2020-03-20,47021,-80,-29,-78,-79
2020-03-21,53578,-86,-51,-85,-80
2020-03-21,53578,-85,-49,-85,-85
2020-03-21,53578,-91,-59,-86,-82
2020-03-21,53578,-81,-47,-84,-82
2020-03-21,53578,-80,-47,-76,-79
2020-03-21,53578,-85,-55,-84,-83
2020-03-21,53578,-84,-49,-85,-82
2020-03-21,53578,-86,-46,-86,-80
2020-03-21,53578,-87,-45,-84,-76
2020-03-21,53578,-86,-53,-86,-81
2020-03-21,53578,-86,-52,-87,-78
2020-03-21,53578,-88,-55,-84,-83
2020-03-21,53578,-86,-47,-87,-79
2020-03-21,53578,-81,-50,-80,-72
2020-03-21,53578,-86,-51,-82,-79
2020-03-21,53578,-84,-48,-82,-76
2020-03-21,53578,-84,-52,-86,-82
2020-03-21,53578,-90,-60,-89,-80
2020-03-21,53578,-86,-53,-84,-78
2020-03-21,53578,-86,-50,-78,-74
2020-03-21,53578,-88,-47,-88,-84
2020-03-22,59138,-95,-85,-91,-87
2020-03-22,59138,-94,-82,-90,-89
2020-03-22,59138,-95,-87,-90,-88
2020-03-22,59138,-94,-87,-89,-87
2020-03-22,59138,-92,-87,-79,-83
2020-03-22,59138,-94,-92,-88,-89
2020-03-22,59138,-94,-79,-92,-89
2020-03-22,59138,-96,-94,-91,-88
2020-03-22,59138,-96,-95,-92,-84
2020-03-22,59138,-94,-76,-91,-87
2020-03-22,59138,-94,-78,-92,-85
2020-03-22,59138,-95,-80,-92,-89
2020-03-22,59138,-95,-88,-92,-85
2020-03-22,59138,-92,-82,-84,-82
2020-03-22,59138,-94,-82,-91,-86
2020-03-22,59138,-93,-82,-87,-81
2020-03-22,59138,-96,-94,-93,-89
2020-03-22,59138,-96,-95,-93,-87
2020-03-22,59138,-94,-84,-92,-85
2020-03-22,59138,-95,-91,-87,-81
2020-03-22,59138,-96,-96,-93,-89
2020-03-23,63927,-80,-45,-81,-81
2020-03-23,63927,-78,-44,-81,-83
2020-03-23,63927,-86,-47,-76,-79
2020-03-23,63927,-77,-46,-80,-83
2020-03-23,63927,-77,-46,-69,-79
2020-03-23,63927,-80,-53,-76,-84
2020-03-23,63927,-82,-52,-84,-83
2020-03-23,63927,-79,-39,-78,-78
2020-03-23,63927,-80,-39,-76,-75
2020-03-23,63927,-80,-47,-84,-83
2020-03-23,63927,-78,-46,-80,-77
2020-03-23,63927,-84,-47,-82,-86
2020-03-23,63927,-78,-42,-82,-77
2020-03-23,63927,-77,-49,-79,-75
2020-03-23,63927,-80,-45,-79,-81
2020-03-23,63927,-77,-45,-73,-74
2020-03-23,63927,-80,-51,-81,-83
2020-03-23,63927,-86,-53,-87,-79
2020-03-23,63927,-78,-46,-82,-77
2020-03-23,63927,-79,-46,-73,-74
2020-03-23,63927,-80,-37,-79,-81
2020-03-24,69176,-81,-48,-80,-81
2020-03-24,69176,-83,-55,-83,-83
2020-03-24,69176,-87,-50,-76,-78
2020-03-24,69176,-79,-50,-81,-82
2020-03-24,69176,-79,-51,-65,-79
2020-03-24,69176,-82,-56,-76,-81
2020-03-24,69176,-82,-52,-82,-82
2020-03-24,69176,-80,-43,-79,-77
2020-03-24,69176,-81,-41,-77,-74
2020-03-24,69176,-82,-49,-84,-84
2020-03-24,69176,-80,-48,-79,-77
2020-03-24,69176,-84,-48,-78,-85
2020-03-24,69176,-81,-49,-83,-78
2020-03-24,69176,-81,-60,-79,-78
2020-03-24,69176,-81,-46,-77,-80
2020-03-24,69176,-79,-48,-72,-74
2020-03-24,69176,-82,-55,-82,-82
2020-03-24,69176,-87,-55,-85,-77
2020-03-24,69176,-80,-48,-81,-77
2020-03-24,69176,-81,-51,-74,-74
2020-03-24,69176,-80,-39,-78,-79
2020-03-25,74386,-83,-51,-82,-82
2020-03-25,74386,-82,-53,-84,-83
2020-03-25,74386,-87,-54,-77,-79
2020-03-25,74386,-80,-52,-83,-83
2020-03-25,74386,-82,-56,-70,-80
2020-03-25,74386,-85,-62,-82,-84
2020-03-25,74386,-84,-56,-84,-84
2020-03-25,74386,-83,-46,-82,-80
2020-03-25,74386,-83,-45,-81,-77
2020-03-25,74386,-83,-50,-84,-84
2020-03-25,74386,-82,-51,-83,-79
2020-03-25,74386,-86,-50,-82,-86
2020-03-25,74386,-83,-51,-84,-79
2020-03-25,74386,-80,-55,-81,-76
2020-03-25,74386,-82,-49,-80,-81
2020-03-25,74386,-80,-50,-74,-74
2020-03-25,74386,-86,-65,-86,-85
2020-03-25,74386,-88,-56,-88,-80
2020-03-25,74386,-82,-52,-84,-79
2020-03-25,74386,-82,-53,-76,-73
2020-03-25,74386,-83,-43,-82,-81
2020-03-26,80589,-84,-52,-84,-83
2020-03-26,80589,-84,-58,-85,-84
2020-03-26,80589,-88,-53,-78,-80
2020-03-26,80589,-82,-55,-85,-84
2020-03-26,80589,-82,-58,-71,-82
2020-03-26,80589,-85,-60,-82,-84
2020-03-26,80589,-85,-57,-86,-85
2020-03-26,80589,-85,-51,-85,-82
2020-03-26,80589,-85,-46,-83,-79
2020-03-26,80589,-85,-55,-87,-86
2020-03-26,80589,-83,-54,-85,-81
2020-03-26,80589,-86,-51,-83,-86
2020-03-26,80589,-84,-52,-85,-80
2020-03-26,80589,-82,-60,-83,-80
2020-03-26,80589,-83,-49,-80,-82
2020-03-26,80589,-81,-50,-77,-75
2020-03-26,80589,-82,-52,-83,-84
2020-03-26,80589,-89,-58,-88,-80
2020-03-26,80589,-84,-53,-86,-81
2020-03-26,80589,-82,-52,-77,-75
2020-03-26,80589,-84,-44,-84,-83
2020-03-27,86498,-83,-46,-82,-82
2020-03-27,86498,-81,-46,-84,-85
2020-03-27,86498,-88,-51,-80,-81
2020-03-27,86498,-78,-44,-81,-83
2020-03-27,86498,-78,-45,-70,-80
2020-03-27,86498,-81,-51,-78,-84
2020-03-27,86498,-82,-48,-84,-84
2020-03-27,86498,-83,-40,-83,-81
2020-03-27,86498,-83,-37,-82,-77
2020-03-27,86498,-83,-49,-85,-84
2020-03-27,86498,-81,-47,-80,-79
2020-03-27,86498,-86,-47,-82,-86
2020-03-27,86498,-83,-45,-86,-80
2020-03-27,86498,-79,-47,-78,-77
2020-03-27,86498,-83,-45,-80,-81
2020-03-27,86498,-81,-48,-80,-77
2020-03-27,86498,-82,-50,-82,-84
2020-03-27,86498,-88,-54,-88,-81
2020-03-27,86498,-82,-48,-83,-80
2020-03-27,86498,-82,-47,-76,-75
2020-03-27,86498,-83,-37,-82,-83
2020-03-28,92472,-87,-54,-86,-82
2020-03-28,92472,-86,-53,-88,-87
2020-03-28,92472,-92,-62,-86,-83
2020-03-28,92472,-82,-48,-85,-84
2020-03-28,92472,-82,-50,-78,-80
2020-03-28,92472,-84,-55,-84,-84
2020-03-28,92472,-85,-51,-86,-83
2020-03-28,92472,-88,-50,-86,-82
2020-03-28,92472,-87,-47,-84,-77
2020-03-28,92472,-86,-53,-87,-82
2020-03-28,92472,-86,-53,-87,-80
2020-03-28,92472,-89,-59,-85,-85
2020-03-28,92472,-87,-51,-88,-81
2020-03-28,92472,-83,-52,-82,-76
2020-03-28,92472,-87,-54,-83,-80
2020-03-28,92472,-83,-47,-82,-76
2020-03-28,92472,-83,-51,-85,-82
2020-03-28,92472,-91,-61,-90,-81
2020-03-28,92472,-87,-55,-84,-79
2020-03-28,92472,-87,-53,-80,-76
2020-03-28,92472,-88,-52,-87,-84
2020-03-29,97689,-94,-85,-90,-87
2020-03-29,97689,-94,-84,-89,-90
2020-03-29,97689,-95,-88,-91,-86
2020-03-29,97689,-94,-85,-88,-88
2020-03-29,97689,-91,-84,-77,-86
2020-03-29,97689,-94,-92,-85,-90
2020-03-29,97689,-94,-78,-91,-89
2020-03-29,97689,-96,-94,-88,-88
2020-03-29,97689,-95,-94,-90,-83
2020-03-29,97689,-94,-76,-90,-88
2020-03-29,97689,-94,-80,-91,-85
2020-03-29,97689,-95,-81,-91,-89
2020-03-29,97689,-95,-88,-91,-86
2020-03-29,97689,-91,-82,-84,-80
2020-03-29,97689,-94,-82,-89,-85
2020-03-29,97689,-94,-92,-87,-81
2020-03-29,97689,-95,-93,-91,-89
2020-03-29,97689,-96,-94,-93,-86
2020-03-29,97689,-94,-84,-91,-85
2020-03-29,97689,-95,-89,-86,-81
2020-03-29,97689,-96,-95,-91,-89
2020-03-30,101739,-81,-47,-79,-81
2020-03-30,101739,-79,-46,-78,-82
2020-03-30,101739,-87,-49,-75,-78
2020-03-30,101739,-78,-47,-75,-82
2020-03-30,101739,-79,-49,-66,-77
2020-03-30,101739,-81,-52,-72,-83
2020-03-30,101739,-82,-51,-81,-82
2020-03-30,101739,-81,-42,-77,-78
2020-03-30,101739,-82,-44,-78,-77
2020-03-30,101739,-80,-47,-82,-83
2020-03-30,101739,-79,-48,-79,-77
2020-03-30,101739,-85,-48,-82,-85
2020-03-30,101739,-79,-46,-79,-76
2020-03-30,101739,-77,-50,-75,-73
2020-03-30,101739,-82,-47,-79,-80
2020-03-30,101739,-79,-45,-73,-74
2020-03-30,101739,-80,-49,-80,-82
2020-03-30,101739,-87,-58,-89,-82
2020-03-30,101739,-79,-47,-79,-77
2020-03-30,101739,-79,-48,-70,-72
2020-03-30,101739,-83,-42,-80,-81
2020-03-31,105792,-90,-42,-78,-79
2020-03-31,105792,-91,-43,-79,-81
2020-03-31,105792,-95,-48,-74,-78
2020-03-31,105792,-90,-44,-75,-80
2020-03-31,105792,-91,-46,-61,-76
2020-03-31,105792,-92,-48,-72,-80
2020-03-31,105792,-92,-46,-79,-80
2020-03-31,105792,-90,-37,-77,-76
2020-03-31,105792,-89,-37,-74,-73
2020-03-31,105792,-90,-43,-82,-82
2020-03-31,105792,-89,-45,-77,-76
2020-03-31,105792,-92,-42,-78,-84
2020-03-31,105792,-90,-42,-81,-76
2020-03-31,105792,-89,-46,-72,-73
2020-03-31,105792,-90,-42,-77,-79
2020-03-31,105792,-88,-41,-70,-71
2020-03-31,105792,-91,-46,-74,-78
2020-03-31,105792,-86,-53,-85,-79
2020-03-31,105792,-90,-44,-79,-76
2020-03-31,105792,-91,-43,-70,-71
2020-03-31,105792,-90,-37,-77,-79
2020-04-01,110574,-90,-41,-77,-79
2020-04-01,110574,-90,-39,-79,-79
2020-04-01,110574,-95,-46,-76,-76
2020-04-01,110574,-90,-45,-78,-81
2020-04-01,110574,-91,-47,-66,-74
2020-04-01,110574,-92,-48,-77,-81
2020-04-01,110574,-92,-43,-79,-79
2020-04-01,110574,-90,-35,-75,-76
2020-04-01,110574,-90,-36,-75,-73
2020-04-01,110574,-90,-43,-81,-82
2020-04-01,110574,-88,-43,-78,-75
2020-04-01,110574,-92,-40,-78,-84
2020-04-01,110574,-90,-39,-79,-73
2020-04-01,110574,-89,-42,-77,-71
2020-04-01,110574,-90,-40,-75,-78
2020-04-01,110574,-87,-40,-71,-69
2020-04-01,110574,-91,-45,-76,-78
2020-04-01,110574,-86,-54,-85,-78
2020-04-01,110574,-90,-41,-79,-74
2020-04-01,110574,-90,-41,-70,-68
2020-04-01,110574,-90,-36,-77,-78
2020-04-02,115242,-90,-40,-77,-79
2020-04-02,115242,-89,-39,-77,-79
2020-04-02,115242,-95,-45,-75,-75
2020-04-02,115242,-89,-41,-76,-80
2020-04-02,115242,-90,-42,-63,-75
2020-04-02,115242,-91,-47,-75,-80
2020-04-02,115242,-92,-43,-79,-80
2020-04-02,115242,-90,-35,-75,-76
2020-04-02,115242,-89,-35,-77,-74
2020-04-02,115242,-90,-42,-81,-82
2020-04-02,115242,-88,-42,-78,-76
2020-04-02,115242,-92,-40,-78,-84
2020-04-02,115242,-90,-39,-77,-73
2020-04-02,115242,-89,-41,-76,-71
2020-04-02,115242,-89,-39,-73,-78
2020-04-02,115242,-87,-40,-73,-71
2020-04-02,115242,-91,-46,-79,-80
2020-04-02,115242,-86,-54,-85,-79
2020-04-02,115242,-89,-41,-78,-74
2020-04-02,115242,-90,-41,-69,-67
2020-04-02,115242,-90,-34,-77,-79
2020-04-03,119827,-85,-37,-78,-79
2020-04-03,119827,-83,-35,-80,-82
2020-04-03,119827,-90,-45,-75,-77
2020-04-03,119827,-82,-38,-78,-82
2020-04-03,119827,-82,-38,-66,-76
2020-04-03,119827,-85,-46,-78,-83
2020-04-03,119827,-85,-39,-80,-81
2020-04-03,119827,-85,-29,-78,-78
2020-04-03,119827,-85,-29,-78,-75
2020-04-03,119827,-85,-40,-81,-82
2020-04-03,119827,-82,-39,-75,-76
2020-04-03,119827,-88,-39,-78,-84
2020-04-03,119827,-84,-34,-79,-75
2020-04-03,119827,-81,-34,-78,-73
2020-04-03,119827,-85,-36,-74,-78
2020-04-03,119827,-82,-36,-74,-72
2020-04-03,119827,-85,-43,-80,-82
2020-04-03,119827,-86,-50,-85,-79
2020-04-03,119827,-84,-40,-78,-76
2020-04-03,119827,-84,-38,-70,-70
2020-04-03,119827,-85,-29,-79,-80
2020-04-04,124632,-89,-48,-84,-80
2020-04-04,124632,-88,-43,-86,-86
2020-04-04,124632,-93,-57,-85,-82
2020-04-04,124632,-85,-43,-83,-82
2020-04-04,124632,-85,-45,-76,-79
2020-04-04,124632,-87,-47,-83,-83
2020-04-04,124632,-89,-46,-84,-81
2020-04-04,124632,-90,-42,-85,-81
2020-04-04,124632,-88,-42,-83,-75
2020-04-04,124632,-88,-47,-84,-80
2020-04-04,124632,-87,-49,-86,-78
2020-04-04,124632,-91,-53,-84,-84
2020-04-04,124632,-89,-44,-87,-79
2020-04-04,124632,-86,-42,-81,-74
2020-04-04,124632,-89,-49,-82,-78
2020-04-04,124632,-86,-42,-80,-74
2020-04-04,124632,-87,-48,-84,-80
2020-04-04,124632,-90,-58,-89,-81
2020-04-04,124632,-89,-49,-84,-77
2020-04-04,124632,-89,-44,-78,-74
2020-04-04,124632,-89,-44,-87,-83
2020-04-05,128948,-95,-82,-90,-86
2020-04-05,128948,-95,-79,-90,-89
2020-04-05,128948,-96,-87,-89,-86
2020-04-05,128948,-94,-81,-88,-88
2020-04-05,128948,-93,-79,-78,-83
2020-04-05,128948,-95,-91,-85,-90
2020-04-05,128948,-95,-74,-90,-88
2020-04-05,128948,-96,-93,-88,-87
2020-04-05,128948,-95,-94,-91,-83
2020-04-05,128948,-94,-71,-89,-87
2020-04-05,128948,-94,-78,-91,-84
2020-04-05,128948,-96,-77,-90,-88
2020-04-05,128948,-95,-86,-91,-85
2020-04-05,128948,-94,-81,-84,-81
2020-04-05,128948,-95,-80,-88,-85
2020-04-05,128948,-94,-92,-87,-80
2020-04-05,128948,-96,-93,-91,-89
2020-04-05,128948,-95,-93,-91,-85
2020-04-05,128948,-95,-81,-90,-84
2020-04-05,128948,-95,-86,-86,-80
2020-04-05,128948,-96,-95,-91,-88
2020-04-06,132547,-83,-39,-76,-78
2020-04-06,132547,-81,-35,-77,-81
2020-04-06,132547,-87,-42,-75,-77
2020-04-06,132547,-81,-43,-74,-81
2020-04-06,132547,-81,-43,-63,-75
2020-04-06,132547,-83,-45,-72,-81
2020-04-06,132547,-84,-45,-79,-80
2020-04-06,132547,-82,-32,-74,-76
2020-04-06,132547,-82,-35,-73,-73
2020-04-06,132547,-82,-40,-80,-81
2020-04-06,132547,-79,-42,-77,-74
2020-04-06,132547,-86,-39,-77,-83
2020-04-06,132547,-81,-37,-78,-73
2020-04-06,132547,-80,-40,-72,-70
2020-04-06,132547,-82,-38,-73,-77
2020-04-06,132547,-80,-37,-70,-71
2020-04-06,132547,-82,-44,-77,-80
2020-04-06,132547,-84,-51,-84,-77
2020-04-06,132547,-81,-39,-78,-74
2020-04-06,132547,-81,-38,-66,-69
2020-04-06,132547,-83,-34,-76,-78
2020-04-07,135586,-81,-38,-75,-78
2020-04-07,135586,-80,-34,-75,-80
2020-04-07,135586,-88,-42,-73,-75
2020-04-07,135586,-79,-40,-73,-80
2020-04-07,135586,-79,-41,-59,-74
2020-04-07,135586,-82,-43,-70,-80
2020-04-07,135586,-82,-39,-77,-79
2020-04-07,135586,-81,-33,-73,-75
2020-04-07,135586,-81,-32,-72,-72
2020-04-07,135586,-81,-39,-80,-81
2020-04-07,135586,-79,-40,-75,-75
2020-04-07,135586,-85,-39,-75,-83
2020-04-07,135586,-81,-35,-76,-73
2020-04-07,135586,-78,-39,-70,-70
2020-04-07,135586,-81,-36,-72,-77
2020-04-07,135586,-79,-35,-68,-71
2020-04-07,135586,-81,-44,-75,-79
2020-04-07,135586,-84,-49,-82,-76
2020-04-07,135586,-81,-40,-76,-74
2020-04-07,135586,-80,-36,-66,-68
2020-04-07,135586,-81,-34,-75,-78
2020-04-08,139422,-82,-37,-76,-78
2020-04-08,139422,-80,-32,-77,-80
2020-04-08,139422,-88,-44,-74,-72
2020-04-08,139422,-79,-38,-74,-80
2020-04-08,139422,-79,-37,-61,-72
2020-04-08,139422,-82,-41,-72,-79
2020-04-08,139422,-82,-36,-77,-78
2020-04-08,139422,-81,-31,-74,-75
2020-04-08,139422,-82,-32,-76,-73
2020-04-08,139422,-81,-37,-80,-81
2020-04-08,139422,-80,-40,-78,-75
2020-04-08,139422,-85,-37,-77,-83
2020-04-08,139422,-81,-34,-77,-72
2020-04-08,139422,-77,-32,-73,-67
2020-04-08,139422,-81,-36,-73,-77
2020-04-08,139422,-79,-35,-69,-70
2020-04-08,139422,-81,-41,-76,-78
2020-04-08,139422,-84,-49,-84,-76
2020-04-08,139422,-81,-39,-78,-74
2020-04-08,139422,-81,-36,-68,-67
2020-04-08,139422,-82,-32,-76,-78
2020-04-09,143626,-81,-32,-76,-78
2020-04-09,143626,-79,-27,-76,-79
2020-04-09,143626,-87,-39,-76,-74
2020-04-09,143626,-78,-34,-75,-80
2020-04-09,143626,-78,-32,-59,-72
2020-04-09,143626,-82,-38,-72,-77
2020-04-09,143626,-81,-32,-77,-78
2020-04-09,143626,-81,-28,-74,-75
2020-04-09,143626,-81,-25,-76,-72
2020-04-09,143626,-80,-33,-81,-81
2020-04-09,143626,-79,-36,-77,-74
2020-04-09,143626,-84,-33,-77,-83
2020-04-09,143626,-80,-29,-76,-73
2020-04-09,143626,-78,-32,-75,-68
2020-04-09,143626,-80,-31,-72,-77
2020-04-09,143626,-79,-32,-70,-70
2020-04-09,143626,-80,-37,-76,-78
2020-04-09,143626,-84,-45,-84,-76
2020-04-09,143626,-80,-33,-78,-73
2020-04-09,143626,-80,-30,-70,-67
2020-04-09,143626,-80,-25,-76,-78
2020-04-10,147577,-81,-27,-76,-77
2020-04-10,147577,-80,-22,-78,-81
2020-04-10,147577,-88,-37,-76,-74
2020-04-10,147577,-77,-28,-74,-81
2020-04-10,147577,-77,-24,-63,-71
2020-04-10,147577,-81,-33,-73,-80
2020-04-10,147577,-81,-30,-78,-79
2020-04-10,147577,-80,-20,-77,-76
2020-04-10,147577,-80,-16,-77,-72
2020-04-10,147577,-80,-30,-80,-80
2020-04-10,147577,-77,-29,-73,-73
2020-04-10,147577,-84,-29,-77,-82
2020-04-10,147577,-80,-22,-77,-73
2020-04-10,147577,-77,-24,-74,-67
2020-04-10,147577,-80,-25,-72,-76
2020-04-10,147577,-78,-24,-72,-69
2020-04-10,147577,-80,-32,-76,-79
2020-04-10,147577,-84,-40,-84,-78
2020-04-10,147577,-80,-29,-76,-73
2020-04-10,147577,-80,-24,-68,-67
2020-04-10,147577,-81,-16,-77,-79
2020-04-11,152271,-86,-42,-83,-78
2020-04-11,152271,-85,-38,-84,-84
2020-04-11,152271,-91,-49,-86,-81
2020-04-11,152271,-82,-40,-81,-81
2020-04-11,152271,-82,-41,-73,-75
2020-04-11,152271,-85,-43,-81,-82
2020-04-11,152271,-86,-42,-82,-78
2020-04-11,152271,-87,-38,-84,-79
2020-04-11,152271,-86,-36,-82,-74
2020-04-11,152271,-85,-41,-83,-78
2020-04-11,152271,-84,-43,-86,-76
2020-04-11,152271,-89,-47,-83,-82
2020-04-11,152271,-86,-40,-85,-77
2020-04-11,152271,-83,-39,-78,-71
2020-04-11,152271,-85,-42,-81,-76
2020-04-11,152271,-83,-34,-79,-70
2020-04-11,152271,-83,-41,-82,-79
2020-04-11,152271,-88,-53,-88,-80
2020-04-11,152271,-85,-44,-82,-75
2020-04-11,152271,-86,-39,-76,-71
2020-04-11,152271,-87,-38,-86,-82
